{
    "rms": 0.8048068905710122,
    "mae": 0.6605831595974654,
    "r2": 0.008862549862916236
}